# Host: localhost  (Version: 5.5.53)
# Date: 2019-09-04 18:54:39
# Generator: MySQL-Front 5.3  (Build 4.234)

/*!40101 SET NAMES utf8 */;

#
# Structure for table "t_dept"
#

DROP TABLE IF EXISTS `t_dept`;
CREATE TABLE `t_dept` (
  `N_DEPT_ID` int(11) NOT NULL COMMENT '部门ID',
  `VC_DEPT_CODE` varchar(6) NOT NULL COMMENT '部门编号',
  `VC_DEPT_NAME` varchar(30) NOT NULL COMMENT '部门名称',
  `N_DEPT_TYPE` tinyint(1) NOT NULL COMMENT '部门类型',
  `N_PARENT_ID` int(11) DEFAULT NULL COMMENT '上级部门ID',
  `VC_LOCATION` varchar(200) DEFAULT NULL COMMENT '地址',
  `VC_POST_CODE` varchar(20) DEFAULT NULL COMMENT '邮编',
  `VC_TELEPHONE` varchar(20) DEFAULT NULL COMMENT '联系电话',
  `VC_FAX` varchar(20) DEFAULT NULL COMMENT '传真',
  `VC_MAIL` varchar(50) DEFAULT NULL COMMENT '电子邮件',
  `N_IS_REMOVED` tinyint(1) NOT NULL COMMENT '是否已撤销',
  `D_REMOVE_DATE` date DEFAULT NULL COMMENT '撤销时间',
  PRIMARY KEY (`N_DEPT_ID`),
  KEY `N_PARENT_ID` (`N_PARENT_ID`),
  CONSTRAINT `t_dept_ibfk_1` FOREIGN KEY (`N_PARENT_ID`) REFERENCES `t_dept` (`N_DEPT_ID`)
) ENGINE=InnoDB DEFAULT CHARSET=utf8;

#
# Data for table "t_dept"
#

INSERT INTO `t_dept` VALUES (1,'4000','总务部',0,NULL,'为民路新兴工业区A区17栋','610072','+86-028-87141352','+86-028-87141351','sc@hongda.com',0,NULL),(2,'4001','人资部',0,NULL,'为民路新兴工业区A区17栋','610072','+86-028-87141343','+86-028-87141342','sc@hongda.com',0,NULL),(3,'4002','财务部',0,NULL,'为民路新兴工业区A区16栋','610072','+86-028-87141225','+86-028-87141226','sc@hongda.com',0,NULL),(4,'4003','业务部',0,NULL,'为民路新兴工业区A区15栋','610072','+86-028-87141384','+86-028-87141385','sc@hongda.com',0,NULL),(5,'4004','生产车间',1,4,'为民路新兴工业区B区12栋','610072','+86-028-871318427','+86-028-871318428','sc@hongda.com',0,NULL),(6,'4005','营销处',1,4,'为民路新兴工业区B区13栋','610072','+86-028-871318442','+86-028-871318443','sc@hongda.com',0,NULL),(7,'4006','网络部',1,NULL,'为民路新兴工业区B区14栋','610072','+86-028-871328576','+86-028-871328577','sc@hongda.com',0,NULL);

#
# Structure for table "t_employee"
#

DROP TABLE IF EXISTS `t_employee`;
CREATE TABLE `t_employee` (
  `N_EMP_ID` int(11) NOT NULL AUTO_INCREMENT COMMENT '员工信息ID',
  `N_DEPT_ID` int(11) NOT NULL COMMENT '部门ID',
  `N_TITLE_ID` int(11) NOT NULL COMMENT '职称ID',
  `N_POST_ID` int(11) NOT NULL COMMENT '岗位ID',
  `VC_EMP_NAME` varchar(30) NOT NULL COMMENT '员工姓名',
  `VC_EMP_CODE` varchar(12) NOT NULL COMMENT '员工编号',
  `N_GENDER` tinyint(1) NOT NULL COMMENT '员工性别',
  `VC_IDCARD_CODE` varchar(20) NOT NULL COMMENT '身份证号',
  `D_BIRTHDAY` date NOT NULL DEFAULT '0000-00-00' COMMENT '出生年月',
  `VC_NATIVE_PLACE` varchar(50) NOT NULL COMMENT '员工籍贯',
  `N_EDU_LEVEL` tinyint(1) NOT NULL COMMENT '员工学历',
  `N_NANTION` tinyint(2) NOT NULL COMMENT '员工民族',
  `N_PARTY` tinyint(1) NOT NULL COMMENT '政治面貌',
  `N_HEALTH` tinyint(1) NOT NULL COMMENT '健康状况',
  `N_REG_TYPE` tinyint(1) NOT NULL COMMENT '户口类型',
  `N_STATUS` tinyint(1) NOT NULL COMMENT '工作状态',
  PRIMARY KEY (`N_EMP_ID`),
  KEY `N_DEPT_ID` (`N_DEPT_ID`),
  KEY `N_TITLE_ID` (`N_TITLE_ID`),
  KEY `N_POST_ID` (`N_POST_ID`)
) ENGINE=InnoDB AUTO_INCREMENT=51 DEFAULT CHARSET=utf8;

#
# Data for table "t_employee"
#

INSERT INTO `t_employee` VALUES (1,1,3,1,'陈小平','201011310001',1,'510105198203012342','1982-03-01','四川成都',4,1,1,1,1,1),(2,5,1,4,'赵明阳','201025140002',0,'510105198002022343','1980-02-02','四川泸州',1,1,1,1,1,1),(3,6,2,4,'孟飞虎','201036240003',0,'510105198404032341','1984-04-03','四川广安',3,1,1,1,1,1),(4,6,3,3,'江元明','201046330004',0,'510105198306042343','1983-06-04','四川广元',5,1,1,1,1,1),(5,5,1,4,'叶振海','201055140005',0,'510105198107052341','1981-07-05','四川绵阳',1,1,1,1,1,1),(6,3,1,4,'丁兴贤','201063140006',0,'510105199301062343','1993-01-06','四川德阳',1,1,1,1,1,1),(7,1,3,3,'郑成仁','201071330007',0,'510105197908072343','1979-08-07','四川攀枝花',3,1,1,1,1,1),(8,5,1,4,'万巍昂','201085140008',0,'510105198009082341','1980-09-08','四川巴中',1,1,1,1,1,1),(9,5,1,4,'冯升荣','201095140009',1,'510105198010092344','1980-10-09','四川南充',4,1,1,1,1,1),(10,5,2,4,'吕秀婉','201015240010',1,'510105198512102342','1985-12-10','四川遂宁',3,1,1,1,1,1),(11,6,2,4,'金文霞','201016240011',1,'510105198511112344','1985-11-11','四川达州',3,1,1,1,1,1),(12,3,3,2,'段以寒','201013320012',1,'510105198501022346','1985-01-12','四川资阳',1,1,1,1,1,1),(13,5,4,4,'杜婉奕','201015440013',1,'510105198002132348','1980-02-13','四川眉山',3,1,1,1,1,1),(14,6,1,4,'杜成益','201016140014',0,'510105199303142341','1993-03-14','四川内江',1,1,1,1,1,1),(15,7,1,4,'任景辉','201017140015',0,'510105198004152343','1980-04-15','四川自贡',4,1,1,1,1,1),(16,5,1,4,'熊志明','201015140016',0,'510105198605162345','1989-05-16','四川乐山',3,1,1,1,1,1),(17,4,2,4,'邱飞鹏','201014240017',0,'510105198006172347','1980-06-17','四川宜宾',4,1,1,1,1,1),(18,2,3,3,'杜景明','201012330018',0,'510105198907182349','1989-07-18','四川雅安',4,1,1,1,1,1),(19,5,3,3,'王函','201015330019',1,'510105198108192340','1981-08-19','云南昆明',3,1,1,1,1,1),(20,6,2,4,'郝鑫','201026240020',1,'510105198009192342','1980-09-19','云南曲靖',5,1,1,1,1,1),(21,4,4,4,'卢杰','201024440021',1,'510105198110192344','1981-10-19','云南玉溪',1,1,1,1,1,1),(22,6,2,4,'史承','201026240022',1,'510105198211192344','1982-11-19','云南保山',5,1,1,1,1,1),(23,2,4,4,'方旭','201022440023',1,'5101051912192346','1986-12-19','云南昭通',3,1,1,1,1,1),(24,6,3,2,'常子平','201026320024',0,'510105198701202341','1987-01-20','云南丽江',4,1,1,1,1,1),(25,7,2,4,'江伟祺','201027240025',1,'510105198610212342','1986-10-21','云南普洱',4,1,1,1,1,1),(26,5,4,4,'夏伟志','201025440026',0,'510105198802222343','1988-02-22','云南临沧',3,1,1,1,1,1),(27,1,3,2,'林志专','201021320027',0,'510105198203232343','1982-03-23','云南安宁',1,1,1,1,1,1),(28,3,1,4,'夏新立','201023140028',1,'510105198204242344','1982-04-24','云南腾冲',3,1,1,1,1,1),(29,7,1,4,'邵俊哲','201027140029',0,'510105198205252345','1982-05-25','云南楚雄',1,1,1,1,1,1),(30,5,2,4,'罗阳夏','201035240030',1,'510105198306262348','1983-06-26','云南个旧',1,1,1,1,1,1),(31,7,1,4,'郭永怡','201037140031',1,'510105198307272348','1983-07-27','云南开远',1,1,1,1,1,1),(32,7,3,2,'段高远','201037320032',0,'510105198308282349','1983-08-28','云南蒙自',3,1,1,1,1,1),(33,4,1,4,'赵阳秋','201034140033',1,'510105198409292344','1984-09-29','云南文山',3,1,1,1,1,1),(34,5,1,4,'许小珍','201035140034',1,'510105198411302344','1984-11-30','云南弥勒',3,1,1,1,1,1),(35,5,1,4,'林如仪','201035140035',1,'510105198512312342','1985-12-31','云南景洪',4,1,1,1,1,1),(36,5,3,2,'冯怜雪','201035320036',1,'510105198501182342','1985-01-18','云南大理',5,1,1,1,1,1),(37,5,4,4,'朱书怡','201035440037',1,'510105198603192346','1986-03-19','云南瑞丽',3,1,1,1,1,1),(38,4,3,3,'萧颖颖','201034330038',1,'510105198602012346','1986-02-01','云南芒市',1,1,1,1,1,1),(39,5,2,4,'李晓芬','201035240039',1,'510105198701052346','1987-01-05','云南香格里拉',3,1,1,1,1,1),(40,3,3,3,'汤向彤','201043330040',1,'510105198704302348','1987-04-30','贵州贵阳',1,1,1,1,1,1),(41,5,1,4,'段沈静','201045140041',1,'510105198805062340','1988-05-06','贵州遵义',5,1,1,1,1,1),(42,5,1,4,'丁乐天','201045140042',0,'510105198806072341','1988-06-07','贵州安顺',3,1,1,1,1,1),(43,5,1,4,'毛建茗','201045140043',0,'510105198907082343','1989-07-08','贵州清镇',3,1,1,1,1,1),(44,7,3,3,'钟乐语','201047330044',0,'510105198908142345','1989-08-14','贵州赤水',3,1,1,1,1,1),(45,4,1,4,'乔鹏举','201044140045',0,'510105199009192347','1990-09-19','贵州仁怀',1,1,1,1,1,1),(46,5,1,4,'邵嘉良','201045140046',0,'510105199010212349','1990-10-21','贵州凯里',3,1,1,1,1,1),(47,5,1,4,'常翰翮','201045140047',0,'510105199011252341','1990-11-25','贵州福泉',4,1,1,1,1,1),(48,4,3,2,'尹天纵','201044320048',0,'510105199112262343','1991-12-26','贵州毕节',1,1,1,1,1,1),(49,2,3,2,'沈雪峰','201042320049',0,'510105199203242345','1992-03-24','贵州铜仁',3,1,1,1,1,1),(50,3,2,4,'谢元德','201053240050',0,'510105199303232347','1993-03-23','贵州兴义',4,1,1,1,1,1);

#
# Structure for table "t_post"
#

DROP TABLE IF EXISTS `t_post`;
CREATE TABLE `t_post` (
  `N_POST_ID` int(11) NOT NULL COMMENT '岗位ID',
  `VC_POST_NAME` varchar(30) NOT NULL COMMENT '岗位名称',
  `N_PARENT_ID` int(11) NOT NULL COMMENT ' 上级岗位ID',
  `VC_DUTY` varchar(500) NOT NULL COMMENT '岗位职责',
  `VC_QUALIFICATION` varchar(500) NOT NULL COMMENT '任职资格',
  `VC_PURVIEW` varchar(500) NOT NULL COMMENT '岗位权限',
  `VC_WORK_CONTENT` varchar(500) NOT NULL COMMENT '工作内容',
  PRIMARY KEY (`N_POST_ID`),
  KEY `N_PARENT_ID` (`N_PARENT_ID`)
) ENGINE=InnoDB DEFAULT CHARSET=utf8;

#
# Data for table "t_post"
#

INSERT INTO `t_post` VALUES (1,'总经理',0,'全局管理','丰富经验','公司','公司总规划'),(2,'部门主管',1,'分部管理','尽职尽责','部门','各部门的运行'),(3,'顾问',2,'公司咨询','能说会道','部门','答疑解惑，传达信息'),(4,'部门员工',2,'工作','专注负责','部门','各部门规定的工作');

#
# Structure for table "t_title"
#

DROP TABLE IF EXISTS `t_title`;
CREATE TABLE `t_title` (
  `N_TITLE_ID` int(11) NOT NULL COMMENT '职称ID',
  `VC_TITLE_NAME` varchar(30) NOT NULL COMMENT '职称名称',
  `VC_QUALIFICATION` varchar(500) NOT NULL COMMENT '任职资格',
  `VC_DUTY` varchar(500) NOT NULL COMMENT '职称职责',
  `VC_WORK_TARGET` varchar(500) NOT NULL COMMENT '工作目标',
  PRIMARY KEY (`N_TITLE_ID`)
) ENGINE=InnoDB DEFAULT CHARSET=utf8;

#
# Data for table "t_title"
#

INSERT INTO `t_title` VALUES (1,'技术总监','丰富经验','CEO','为公司发布新产品'),(2,'工程师','技术高超','项目负责人','保证新产品的适用性'),(3,'助理工程师','擅于学习','项目开发','写出完整的产品'),(4,'设计师','审美好，技术高','美工设计','别具一格的界面');

#
# Structure for table "userinfo"
#

DROP TABLE IF EXISTS `userinfo`;
CREATE TABLE `userinfo` (
  `id` varchar(50) NOT NULL DEFAULT '',
  `passwd` varchar(255) DEFAULT NULL,
  PRIMARY KEY (`id`)
) ENGINE=MyISAM DEFAULT CHARSET=utf8;

#
# Data for table "userinfo"
#

/*!40000 ALTER TABLE `userinfo` DISABLE KEYS */;
INSERT INTO `userinfo` VALUES ('123','123');
/*!40000 ALTER TABLE `userinfo` ENABLE KEYS */;
